5.000000000000000000e+02,0.000000000000000000e+00,8.000000000000000000e+00,4.000000000000000000e+00,1.969570399920659964e+00
5.000000000000000000e+02,0.000000000000000000e+00,8.000000000000000000e+00,5.000000000000000000e+00,1.200514527065799975e+00
5.000000000000000000e+02,0.000000000000000000e+00,8.000000000000000000e+00,6.000000000000000000e+00,7.929233444780120488e-01
5.000000000000000000e+02,0.000000000000000000e+00,8.000000000000000000e+00,7.000000000000000000e+00,6.046343360024779567e-01
5.000000000000000000e+02,0.000000000000000000e+00,8.000000000000000000e+00,8.000000000000000000e+00,4.525506816543670152e-01
5.000000000000000000e+02,0.000000000000000000e+00,8.000000000000000000e+00,9.000000000000000000e+00,3.549554345644220232e-01
5.000000000000000000e+02,0.000000000000000000e+00,8.000000000000000000e+00,1.000000000000000000e+01,3.000229381244829963e-01
5.000000000000000000e+02,0.000000000000000000e+00,8.000000000000000000e+00,1.100000000000000000e+01,2.377924557386149884e-01
5.000000000000000000e+02,0.000000000000000000e+00,8.000000000000000000e+00,1.200000000000000000e+01,2.078013757055900135e-01
5.000000000000000000e+02,0.000000000000000000e+00,8.000000000000000000e+00,1.300000000000000000e+01,1.597822929222590116e-01
5.000000000000000000e+02,0.000000000000000000e+00,8.000000000000000000e+00,1.400000000000000000e+01,1.489021739828499946e-01
5.000000000000000000e+02,0.000000000000000000e+00,8.000000000000000000e+00,1.500000000000000000e+01,1.285553913099490020e-01
5.000000000000000000e+02,0.000000000000000000e+00,8.000000000000000000e+00,1.600000000000000000e+01,1.044183465549920059e-01
5.000000000000000000e+02,0.000000000000000000e+00,9.000000000000000000e+00,4.000000000000000000e+00,1.941276537322289997e+00
5.000000000000000000e+02,0.000000000000000000e+00,9.000000000000000000e+00,5.000000000000000000e+00,1.179494008139849948e+00
5.000000000000000000e+02,0.000000000000000000e+00,9.000000000000000000e+00,6.000000000000000000e+00,8.048014244120520466e-01
5.000000000000000000e+02,0.000000000000000000e+00,9.000000000000000000e+00,7.000000000000000000e+00,5.784435371387559588e-01
5.000000000000000000e+02,0.000000000000000000e+00,9.000000000000000000e+00,8.000000000000000000e+00,4.763073326647869754e-01
5.000000000000000000e+02,0.000000000000000000e+00,9.000000000000000000e+00,9.000000000000000000e+00,3.504776891106899939e-01
5.000000000000000000e+02,0.000000000000000000e+00,9.000000000000000000e+00,1.000000000000000000e+01,2.875333055315539843e-01
5.000000000000000000e+02,0.000000000000000000e+00,9.000000000000000000e+00,1.100000000000000000e+01,2.403821165206649901e-01
5.000000000000000000e+02,0.000000000000000000e+00,9.000000000000000000e+00,1.200000000000000000e+01,2.097765338555249992e-01
5.000000000000000000e+02,0.000000000000000000e+00,9.000000000000000000e+00,1.300000000000000000e+01,1.715444735471960136e-01
5.000000000000000000e+02,0.000000000000000000e+00,9.000000000000000000e+00,1.400000000000000000e+01,1.481903369363790079e-01
5.000000000000000000e+02,0.000000000000000000e+00,9.000000000000000000e+00,1.500000000000000000e+01,1.269839189716429895e-01
5.000000000000000000e+02,0.000000000000000000e+00,9.000000000000000000e+00,1.600000000000000000e+01,1.077548400650199939e-01
5.000000000000000000e+02,0.000000000000000000e+00,1.000000000000000000e+01,4.000000000000000000e+00,2.060271919040019828e+00
5.000000000000000000e+02,0.000000000000000000e+00,1.000000000000000000e+01,5.000000000000000000e+00,1.298298848473220080e+00
5.000000000000000000e+02,0.000000000000000000e+00,1.000000000000000000e+01,6.000000000000000000e+00,8.259809960908339743e-01
5.000000000000000000e+02,0.000000000000000000e+00,1.000000000000000000e+01,7.000000000000000000e+00,6.229207932879760046e-01
5.000000000000000000e+02,0.000000000000000000e+00,1.000000000000000000e+01,8.000000000000000000e+00,4.497726517799769952e-01
5.000000000000000000e+02,0.000000000000000000e+00,1.000000000000000000e+01,9.000000000000000000e+00,3.769716900818779748e-01
5.000000000000000000e+02,0.000000000000000000e+00,1.000000000000000000e+01,1.000000000000000000e+01,2.912756382232850050e-01
5.000000000000000000e+02,0.000000000000000000e+00,1.000000000000000000e+01,1.100000000000000000e+01,2.386089160174429957e-01
5.000000000000000000e+02,0.000000000000000000e+00,1.000000000000000000e+01,1.200000000000000000e+01,1.959040927334290139e-01
5.000000000000000000e+02,0.000000000000000000e+00,1.000000000000000000e+01,1.300000000000000000e+01,1.705433090974740051e-01
5.000000000000000000e+02,0.000000000000000000e+00,1.000000000000000000e+01,1.400000000000000000e+01,1.493691708145989949e-01
5.000000000000000000e+02,0.000000000000000000e+00,1.000000000000000000e+01,1.500000000000000000e+01,1.235747302606770015e-01
5.000000000000000000e+02,0.000000000000000000e+00,1.000000000000000000e+01,1.600000000000000000e+01,1.130348010017920013e-01
5.000000000000000000e+02,0.000000000000000000e+00,1.100000000000000000e+01,4.000000000000000000e+00,2.169038011119369891e+00
5.000000000000000000e+02,0.000000000000000000e+00,1.100000000000000000e+01,5.000000000000000000e+00,1.258958128482640104e+00
5.000000000000000000e+02,0.000000000000000000e+00,1.100000000000000000e+01,6.000000000000000000e+00,8.524978139753169870e-01
5.000000000000000000e+02,0.000000000000000000e+00,1.100000000000000000e+01,7.000000000000000000e+00,5.894486881233229614e-01
5.000000000000000000e+02,0.000000000000000000e+00,1.100000000000000000e+01,8.000000000000000000e+00,4.730697342401820049e-01
5.000000000000000000e+02,0.000000000000000000e+00,1.100000000000000000e+01,9.000000000000000000e+00,3.494025256213669772e-01
5.000000000000000000e+02,0.000000000000000000e+00,1.100000000000000000e+01,1.000000000000000000e+01,2.757253103825539897e-01
5.000000000000000000e+02,0.000000000000000000e+00,1.100000000000000000e+01,1.100000000000000000e+01,2.370955791412799885e-01
5.000000000000000000e+02,0.000000000000000000e+00,1.100000000000000000e+01,1.200000000000000000e+01,1.934002916638440095e-01
5.000000000000000000e+02,0.000000000000000000e+00,1.100000000000000000e+01,1.300000000000000000e+01,1.657156799620410070e-01
5.000000000000000000e+02,0.000000000000000000e+00,1.100000000000000000e+01,1.400000000000000000e+01,1.519462586277660066e-01
5.000000000000000000e+02,0.000000000000000000e+00,1.100000000000000000e+01,1.500000000000000000e+01,1.263435693722360087e-01
5.000000000000000000e+02,0.000000000000000000e+00,1.100000000000000000e+01,1.600000000000000000e+01,1.077336484007449940e-01
5.000000000000000000e+02,0.000000000000000000e+00,1.200000000000000000e+01,4.000000000000000000e+00,2.119830855583140217e+00
5.000000000000000000e+02,0.000000000000000000e+00,1.200000000000000000e+01,5.000000000000000000e+00,1.346446367204680028e+00
5.000000000000000000e+02,0.000000000000000000e+00,1.200000000000000000e+01,6.000000000000000000e+00,8.560557726520899857e-01
5.000000000000000000e+02,0.000000000000000000e+00,1.200000000000000000e+01,7.000000000000000000e+00,5.948427079216509483e-01
5.000000000000000000e+02,0.000000000000000000e+00,1.200000000000000000e+01,8.000000000000000000e+00,4.486138907599079850e-01
5.000000000000000000e+02,0.000000000000000000e+00,1.200000000000000000e+01,9.000000000000000000e+00,3.633082504465149909e-01
5.000000000000000000e+02,0.000000000000000000e+00,1.200000000000000000e+01,1.000000000000000000e+01,2.927353286720210113e-01
5.000000000000000000e+02,0.000000000000000000e+00,1.200000000000000000e+01,1.100000000000000000e+01,2.581468405795139809e-01
5.000000000000000000e+02,0.000000000000000000e+00,1.200000000000000000e+01,1.200000000000000000e+01,2.181468405795139809e-01
5.000000000000000000e+02,0.000000000000000000e+00,1.200000000000000000e+01,1.300000000000000000e+01,1.853677124093600082e-01
5.000000000000000000e+02,0.000000000000000000e+00,1.200000000000000000e+01,1.400000000000000000e+01,1.502835779350550072e-01
5.000000000000000000e+02,0.000000000000000000e+00,1.200000000000000000e+01,1.500000000000000000e+01,1.286065819287069978e-01
5.000000000000000000e+02,0.000000000000000000e+00,1.200000000000000000e+01,1.600000000000000000e+01,1.136730267261829991e-01
5.000000000000000000e+02,1.000000000000000000e+00,8.000000000000000000e+00,4.000000000000000000e+00,1.226666255092510038e+00
5.000000000000000000e+02,1.000000000000000000e+00,8.000000000000000000e+00,5.000000000000000000e+00,7.108624177872330252e-01
5.000000000000000000e+02,1.000000000000000000e+00,8.000000000000000000e+00,6.000000000000000000e+00,4.907514595145819891e-01
5.000000000000000000e+02,1.000000000000000000e+00,8.000000000000000000e+00,7.000000000000000000e+00,3.836113275927670041e-01
5.000000000000000000e+02,1.000000000000000000e+00,8.000000000000000000e+00,8.000000000000000000e+00,2.940751497461390196e-01
5.000000000000000000e+02,1.000000000000000000e+00,8.000000000000000000e+00,9.000000000000000000e+00,2.150656159373940113e-01
5.000000000000000000e+02,1.000000000000000000e+00,8.000000000000000000e+00,1.000000000000000000e+01,1.895422944020659917e-01
5.000000000000000000e+02,1.000000000000000000e+00,8.000000000000000000e+00,1.100000000000000000e+01,1.485195569010979988e-01
5.000000000000000000e+02,1.000000000000000000e+00,8.000000000000000000e+00,1.200000000000000000e+01,1.335487563303059955e-01
5.000000000000000000e+02,1.000000000000000000e+00,8.000000000000000000e+00,1.300000000000000000e+01,1.037303448987599991e-01
5.000000000000000000e+02,1.000000000000000000e+00,8.000000000000000000e+00,1.400000000000000000e+01,9.072063951453790409e-02
5.000000000000000000e+02,1.000000000000000000e+00,8.000000000000000000e+00,1.500000000000000000e+01,7.617894489889280585e-02
5.000000000000000000e+02,1.000000000000000000e+00,8.000000000000000000e+00,1.600000000000000000e+01,6.792871999344389511e-02
5.000000000000000000e+02,1.000000000000000000e+00,9.000000000000000000e+00,4.000000000000000000e+00,1.155852463637649929e+00
5.000000000000000000e+02,1.000000000000000000e+00,9.000000000000000000e+00,5.000000000000000000e+00,7.407094863257800421e-01
5.000000000000000000e+02,1.000000000000000000e+00,9.000000000000000000e+00,6.000000000000000000e+00,5.147775017990050550e-01
5.000000000000000000e+02,1.000000000000000000e+00,9.000000000000000000e+00,7.000000000000000000e+00,3.906659503267450040e-01
5.000000000000000000e+02,1.000000000000000000e+00,9.000000000000000000e+00,8.000000000000000000e+00,2.837466426671290121e-01
5.000000000000000000e+02,1.000000000000000000e+00,9.000000000000000000e+00,9.000000000000000000e+00,2.194298354560459963e-01
5.000000000000000000e+02,1.000000000000000000e+00,9.000000000000000000e+00,1.000000000000000000e+01,1.758395104296910094e-01
5.000000000000000000e+02,1.000000000000000000e+00,9.000000000000000000e+00,1.100000000000000000e+01,1.465890979861469989e-01
5.000000000000000000e+02,1.000000000000000000e+00,9.000000000000000000e+00,1.200000000000000000e+01,1.293743568075489958e-01
5.000000000000000000e+02,1.000000000000000000e+00,9.000000000000000000e+00,1.300000000000000000e+01,1.008021308223669976e-01
5.000000000000000000e+02,1.000000000000000000e+00,9.000000000000000000e+00,1.400000000000000000e+01,9.130719797019140604e-02
5.000000000000000000e+02,1.000000000000000000e+00,9.000000000000000000e+00,1.500000000000000000e+01,8.006282331421819831e-02
5.000000000000000000e+02,1.000000000000000000e+00,9.000000000000000000e+00,1.600000000000000000e+01,6.869368494425830141e-02
5.000000000000000000e+02,1.000000000000000000e+00,1.000000000000000000e+01,4.000000000000000000e+00,1.192668442827899966e+00
5.000000000000000000e+02,1.000000000000000000e+00,1.000000000000000000e+01,5.000000000000000000e+00,7.647156831450889758e-01
5.000000000000000000e+02,1.000000000000000000e+00,1.000000000000000000e+01,6.000000000000000000e+00,5.192850856482660316e-01
5.000000000000000000e+02,1.000000000000000000e+00,1.000000000000000000e+01,7.000000000000000000e+00,3.758158134356450186e-01
5.000000000000000000e+02,1.000000000000000000e+00,1.000000000000000000e+01,8.000000000000000000e+00,2.868665216214730251e-01
5.000000000000000000e+02,1.000000000000000000e+00,1.000000000000000000e+01,9.000000000000000000e+00,2.317176006035510105e-01
5.000000000000000000e+02,1.000000000000000000e+00,1.000000000000000000e+01,1.000000000000000000e+01,1.848054452540709991e-01
5.000000000000000000e+02,1.000000000000000000e+00,1.000000000000000000e+01,1.100000000000000000e+01,1.477768041569690050e-01
5.000000000000000000e+02,1.000000000000000000e+00,1.000000000000000000e+01,1.200000000000000000e+01,1.324987802425670047e-01
5.000000000000000000e+02,1.000000000000000000e+00,1.000000000000000000e+01,1.300000000000000000e+01,1.076857389321430047e-01
5.000000000000000000e+02,1.000000000000000000e+00,1.000000000000000000e+01,1.400000000000000000e+01,9.150076730391440427e-02
5.000000000000000000e+02,1.000000000000000000e+00,1.000000000000000000e+01,1.500000000000000000e+01,7.866532036978450548e-02
5.000000000000000000e+02,1.000000000000000000e+00,1.000000000000000000e+01,1.600000000000000000e+01,6.512018735055080665e-02
5.000000000000000000e+02,1.000000000000000000e+00,1.100000000000000000e+01,4.000000000000000000e+00,1.278645060346720097e+00
5.000000000000000000e+02,1.000000000000000000e+00,1.100000000000000000e+01,5.000000000000000000e+00,7.439783959638800459e-01
5.000000000000000000e+02,1.000000000000000000e+00,1.100000000000000000e+01,6.000000000000000000e+00,5.233660735528240515e-01
5.000000000000000000e+02,1.000000000000000000e+00,1.100000000000000000e+01,7.000000000000000000e+00,3.867251117844009989e-01
5.000000000000000000e+02,1.000000000000000000e+00,1.100000000000000000e+01,8.000000000000000000e+00,2.834344735601310172e-01
5.000000000000000000e+02,1.000000000000000000e+00,1.100000000000000000e+01,9.000000000000000000e+00,2.471730365068159907e-01
5.000000000000000000e+02,1.000000000000000000e+00,1.100000000000000000e+01,1.000000000000000000e+01,1.768009429937330013e-01
5.000000000000000000e+02,1.000000000000000000e+00,1.100000000000000000e+01,1.100000000000000000e+01,1.535802547438490095e-01
5.000000000000000000e+02,1.000000000000000000e+00,1.100000000000000000e+01,1.200000000000000000e+01,1.246597225959780036e-01
5.000000000000000000e+02,1.000000000000000000e+00,1.100000000000000000e+01,1.300000000000000000e+01,1.040883378911759971e-01
5.000000000000000000e+02,1.000000000000000000e+00,1.100000000000000000e+01,1.400000000000000000e+01,9.544349320439600437e-02
5.000000000000000000e+02,1.000000000000000000e+00,1.100000000000000000e+01,1.500000000000000000e+01,7.450097476147660158e-02
5.000000000000000000e+02,1.000000000000000000e+00,1.100000000000000000e+01,1.600000000000000000e+01,6.947459667196050070e-02
5.000000000000000000e+02,1.000000000000000000e+00,1.200000000000000000e+01,4.000000000000000000e+00,1.264194575829109990e+00
5.000000000000000000e+02,1.000000000000000000e+00,1.200000000000000000e+01,5.000000000000000000e+00,7.727323158506259615e-01
5.000000000000000000e+02,1.000000000000000000e+00,1.200000000000000000e+01,6.000000000000000000e+00,5.176569348308429630e-01
5.000000000000000000e+02,1.000000000000000000e+00,1.200000000000000000e+01,7.000000000000000000e+00,3.659833231524449726e-01
5.000000000000000000e+02,1.000000000000000000e+00,1.200000000000000000e+01,8.000000000000000000e+00,2.814418534899320035e-01
5.000000000000000000e+02,1.000000000000000000e+00,1.200000000000000000e+01,9.000000000000000000e+00,2.333202003919480072e-01
5.000000000000000000e+02,1.000000000000000000e+00,1.200000000000000000e+01,1.000000000000000000e+01,1.827938091833989920e-01
5.000000000000000000e+02,1.000000000000000000e+00,1.200000000000000000e+01,1.100000000000000000e+01,1.426565814707060065e-01
5.000000000000000000e+02,1.000000000000000000e+00,1.200000000000000000e+01,1.200000000000000000e+01,1.283757159482480092e-01
5.000000000000000000e+02,1.000000000000000000e+00,1.200000000000000000e+01,1.300000000000000000e+01,1.060664953587359960e-01
5.000000000000000000e+02,1.000000000000000000e+00,1.200000000000000000e+01,1.400000000000000000e+01,8.784255643033629657e-02
5.000000000000000000e+02,1.000000000000000000e+00,1.200000000000000000e+01,1.500000000000000000e+01,7.612085592200379391e-02
5.000000000000000000e+02,1.000000000000000000e+00,1.200000000000000000e+01,1.600000000000000000e+01,6.622520436120619969e-02
5.000000000000000000e+02,2.000000000000000000e+00,8.000000000000000000e+00,4.000000000000000000e+00,8.533821879431519619e+02
5.000000000000000000e+02,2.000000000000000000e+00,8.000000000000000000e+00,5.000000000000000000e+00,5.303325991071200178e+02
5.000000000000000000e+02,2.000000000000000000e+00,8.000000000000000000e+00,6.000000000000000000e+00,3.576985257666980260e+02
5.000000000000000000e+02,2.000000000000000000e+00,8.000000000000000000e+00,7.000000000000000000e+00,2.689437857201219799e+02
5.000000000000000000e+02,2.000000000000000000e+00,8.000000000000000000e+00,8.000000000000000000e+00,2.044422718678789863e+02
5.000000000000000000e+02,2.000000000000000000e+00,8.000000000000000000e+00,9.000000000000000000e+00,1.639712687811270087e+02
5.000000000000000000e+02,2.000000000000000000e+00,8.000000000000000000e+00,1.000000000000000000e+01,1.241416323326800040e+02
5.000000000000000000e+02,2.000000000000000000e+00,8.000000000000000000e+00,1.100000000000000000e+01,1.052693846427939945e+02
5.000000000000000000e+02,2.000000000000000000e+00,8.000000000000000000e+00,1.200000000000000000e+01,8.420218320606230122e+01
5.000000000000000000e+02,2.000000000000000000e+00,8.000000000000000000e+00,1.300000000000000000e+01,6.923057125381059507e+01
5.000000000000000000e+02,2.000000000000000000e+00,8.000000000000000000e+00,1.400000000000000000e+01,6.170345789073080311e+01
5.000000000000000000e+02,2.000000000000000000e+00,8.000000000000000000e+00,1.500000000000000000e+01,5.787329487449449772e+01
5.000000000000000000e+02,2.000000000000000000e+00,8.000000000000000000e+00,1.600000000000000000e+01,5.102795834774239836e+01
5.000000000000000000e+02,2.000000000000000000e+00,9.000000000000000000e+00,4.000000000000000000e+00,8.076917106559239983e+02
5.000000000000000000e+02,2.000000000000000000e+00,9.000000000000000000e+00,5.000000000000000000e+00,5.267360454354360400e+02
5.000000000000000000e+02,2.000000000000000000e+00,9.000000000000000000e+00,6.000000000000000000e+00,3.645307174022190111e+02
5.000000000000000000e+02,2.000000000000000000e+00,9.000000000000000000e+00,7.000000000000000000e+00,2.776996290593550043e+02
5.000000000000000000e+02,2.000000000000000000e+00,9.000000000000000000e+00,8.000000000000000000e+00,2.029214940876649962e+02
5.000000000000000000e+02,2.000000000000000000e+00,9.000000000000000000e+00,9.000000000000000000e+00,1.619951853029099880e+02
5.000000000000000000e+02,2.000000000000000000e+00,9.000000000000000000e+00,1.000000000000000000e+01,1.213565516185310003e+02
5.000000000000000000e+02,2.000000000000000000e+00,9.000000000000000000e+00,1.100000000000000000e+01,1.036907399118330062e+02
5.000000000000000000e+02,2.000000000000000000e+00,9.000000000000000000e+00,1.200000000000000000e+01,8.443197088242399673e+01
5.000000000000000000e+02,2.000000000000000000e+00,9.000000000000000000e+00,1.300000000000000000e+01,7.854024305295919817e+01
5.000000000000000000e+02,2.000000000000000000e+00,9.000000000000000000e+00,1.400000000000000000e+01,6.392771565998580030e+01
5.000000000000000000e+02,2.000000000000000000e+00,9.000000000000000000e+00,1.500000000000000000e+01,5.311681562144210034e+01
5.000000000000000000e+02,2.000000000000000000e+00,9.000000000000000000e+00,1.600000000000000000e+01,4.923398187359349976e+01
5.000000000000000000e+02,2.000000000000000000e+00,1.000000000000000000e+01,4.000000000000000000e+00,8.510455547561209642e+02
5.000000000000000000e+02,2.000000000000000000e+00,1.000000000000000000e+01,5.000000000000000000e+00,5.392002356908659522e+02
5.000000000000000000e+02,2.000000000000000000e+00,1.000000000000000000e+01,6.000000000000000000e+00,3.637555774056310156e+02
5.000000000000000000e+02,2.000000000000000000e+00,1.000000000000000000e+01,7.000000000000000000e+00,2.762170109472950230e+02
5.000000000000000000e+02,2.000000000000000000e+00,1.000000000000000000e+01,8.000000000000000000e+00,2.097896224381480010e+02
5.000000000000000000e+02,2.000000000000000000e+00,1.000000000000000000e+01,9.000000000000000000e+00,1.680862940121799909e+02
5.000000000000000000e+02,2.000000000000000000e+00,1.000000000000000000e+01,1.000000000000000000e+01,1.326769742116329951e+02
5.000000000000000000e+02,2.000000000000000000e+00,1.000000000000000000e+01,1.100000000000000000e+01,1.049931815700019939e+02
5.000000000000000000e+02,2.000000000000000000e+00,1.000000000000000000e+01,1.200000000000000000e+01,8.296556410423140449e+01
5.000000000000000000e+02,2.000000000000000000e+00,1.000000000000000000e+01,1.300000000000000000e+01,7.576107375343740102e+01
5.000000000000000000e+02,2.000000000000000000e+00,1.000000000000000000e+01,1.400000000000000000e+01,6.722770329106859322e+01
5.000000000000000000e+02,2.000000000000000000e+00,1.000000000000000000e+01,1.500000000000000000e+01,5.539289001318090300e+01
5.000000000000000000e+02,2.000000000000000000e+00,1.000000000000000000e+01,1.600000000000000000e+01,5.191145594631029780e+01
5.000000000000000000e+02,2.000000000000000000e+00,1.100000000000000000e+01,4.000000000000000000e+00,8.849139821287550376e+02
5.000000000000000000e+02,2.000000000000000000e+00,1.100000000000000000e+01,5.000000000000000000e+00,5.247837783140549845e+02
5.000000000000000000e+02,2.000000000000000000e+00,1.100000000000000000e+01,6.000000000000000000e+00,3.676815917128309934e+02
5.000000000000000000e+02,2.000000000000000000e+00,1.100000000000000000e+01,7.000000000000000000e+00,2.622439352574190252e+02
5.000000000000000000e+02,2.000000000000000000e+00,1.100000000000000000e+01,8.000000000000000000e+00,1.925577227184359970e+02
5.000000000000000000e+02,2.000000000000000000e+00,1.100000000000000000e+01,9.000000000000000000e+00,1.579940799700449929e+02
5.000000000000000000e+02,2.000000000000000000e+00,1.100000000000000000e+01,1.000000000000000000e+01,1.256051318969479951e+02
5.000000000000000000e+02,2.000000000000000000e+00,1.100000000000000000e+01,1.100000000000000000e+01,9.955863537721420187e+01
5.000000000000000000e+02,2.000000000000000000e+00,1.100000000000000000e+01,1.200000000000000000e+01,9.161306939182459530e+01
5.000000000000000000e+02,2.000000000000000000e+00,1.100000000000000000e+01,1.300000000000000000e+01,7.180486594531899414e+01
5.000000000000000000e+02,2.000000000000000000e+00,1.100000000000000000e+01,1.400000000000000000e+01,6.227503214001519893e+01
5.000000000000000000e+02,2.000000000000000000e+00,1.100000000000000000e+01,1.500000000000000000e+01,5.390797550755669931e+01
5.000000000000000000e+02,2.000000000000000000e+00,1.100000000000000000e+01,1.600000000000000000e+01,4.602272403892789754e+01
5.000000000000000000e+02,2.000000000000000000e+00,1.200000000000000000e+01,4.000000000000000000e+00,8.662612083371569724e+02
5.000000000000000000e+02,2.000000000000000000e+00,1.200000000000000000e+01,5.000000000000000000e+00,5.522677255686039643e+02
5.000000000000000000e+02,2.000000000000000000e+00,1.200000000000000000e+01,6.000000000000000000e+00,3.348144524955270072e+02
5.000000000000000000e+02,2.000000000000000000e+00,1.200000000000000000e+01,7.000000000000000000e+00,2.653313482297199926e+02
5.000000000000000000e+02,2.000000000000000000e+00,1.200000000000000000e+01,8.000000000000000000e+00,2.157047249382140137e+02
5.000000000000000000e+02,2.000000000000000000e+00,1.200000000000000000e+01,9.000000000000000000e+00,1.486049407426779965e+02
5.000000000000000000e+02,2.000000000000000000e+00,1.200000000000000000e+01,1.000000000000000000e+01,1.333631861262379914e+02
5.000000000000000000e+02,2.000000000000000000e+00,1.200000000000000000e+01,1.100000000000000000e+01,1.136899670797070030e+02
5.000000000000000000e+02,2.000000000000000000e+00,1.200000000000000000e+01,1.200000000000000000e+01,8.764567800850710455e+01
5.000000000000000000e+02,2.000000000000000000e+00,1.200000000000000000e+01,1.300000000000000000e+01,7.134959007847490398e+01
5.000000000000000000e+02,2.000000000000000000e+00,1.200000000000000000e+01,1.400000000000000000e+01,6.570156978907840539e+01
5.000000000000000000e+02,2.000000000000000000e+00,1.200000000000000000e+01,1.500000000000000000e+01,5.508074180629059668e+01
5.000000000000000000e+02,2.000000000000000000e+00,1.200000000000000000e+01,1.600000000000000000e+01,4.369629776483200345e+01
5.000000000000000000e+02,4.000000000000000000e+00,8.000000000000000000e+00,4.000000000000000000e+00,5.365781095466010129e+02
5.000000000000000000e+02,4.000000000000000000e+00,8.000000000000000000e+00,5.000000000000000000e+00,3.490400373814759973e+02
5.000000000000000000e+02,4.000000000000000000e+00,8.000000000000000000e+00,6.000000000000000000e+00,2.223792955642269931e+02
5.000000000000000000e+02,4.000000000000000000e+00,8.000000000000000000e+00,7.000000000000000000e+00,1.650889506145190069e+02
5.000000000000000000e+02,4.000000000000000000e+00,8.000000000000000000e+00,8.000000000000000000e+00,1.333146767135970094e+02
5.000000000000000000e+02,4.000000000000000000e+00,8.000000000000000000e+00,9.000000000000000000e+00,1.007989224374679935e+02
5.000000000000000000e+02,4.000000000000000000e+00,8.000000000000000000e+00,1.000000000000000000e+01,8.149482264383469499e+01
5.000000000000000000e+02,4.000000000000000000e+00,8.000000000000000000e+00,1.100000000000000000e+01,6.540357634418340638e+01
5.000000000000000000e+02,4.000000000000000000e+00,8.000000000000000000e+00,1.200000000000000000e+01,5.441615867727419698e+01
5.000000000000000000e+02,4.000000000000000000e+00,8.000000000000000000e+00,1.300000000000000000e+01,4.746146885369120128e+01
5.000000000000000000e+02,4.000000000000000000e+00,8.000000000000000000e+00,1.400000000000000000e+01,4.322277475693849880e+01
5.000000000000000000e+02,4.000000000000000000e+00,8.000000000000000000e+00,1.500000000000000000e+01,3.609715926947659881e+01
5.000000000000000000e+02,4.000000000000000000e+00,8.000000000000000000e+00,1.600000000000000000e+01,3.173967729101870106e+01
5.000000000000000000e+02,4.000000000000000000e+00,9.000000000000000000e+00,4.000000000000000000e+00,5.414530860806379451e+02
5.000000000000000000e+02,4.000000000000000000e+00,9.000000000000000000e+00,5.000000000000000000e+00,3.293057533131449759e+02
5.000000000000000000e+02,4.000000000000000000e+00,9.000000000000000000e+00,6.000000000000000000e+00,2.412373165764439875e+02
5.000000000000000000e+02,4.000000000000000000e+00,9.000000000000000000e+00,7.000000000000000000e+00,1.796698788506990070e+02
5.000000000000000000e+02,4.000000000000000000e+00,9.000000000000000000e+00,8.000000000000000000e+00,1.210926771802979971e+02
5.000000000000000000e+02,4.000000000000000000e+00,9.000000000000000000e+00,9.000000000000000000e+00,1.101171055380659993e+02
5.000000000000000000e+02,4.000000000000000000e+00,9.000000000000000000e+00,1.000000000000000000e+01,8.278767837407879426e+01
5.000000000000000000e+02,4.000000000000000000e+00,9.000000000000000000e+00,1.100000000000000000e+01,6.176127353227259675e+01
5.000000000000000000e+02,4.000000000000000000e+00,9.000000000000000000e+00,1.200000000000000000e+01,5.736976867875719677e+01
5.000000000000000000e+02,4.000000000000000000e+00,9.000000000000000000e+00,1.300000000000000000e+01,5.045618411536639769e+01
5.000000000000000000e+02,4.000000000000000000e+00,9.000000000000000000e+00,1.400000000000000000e+01,4.136727822083339845e+01
5.000000000000000000e+02,4.000000000000000000e+00,9.000000000000000000e+00,1.500000000000000000e+01,3.381457869184369969e+01
5.000000000000000000e+02,4.000000000000000000e+00,9.000000000000000000e+00,1.600000000000000000e+01,3.119909680685820064e+01
5.000000000000000000e+02,4.000000000000000000e+00,1.000000000000000000e+01,4.000000000000000000e+00,5.313218510155520562e+02
5.000000000000000000e+02,4.000000000000000000e+00,1.000000000000000000e+01,5.000000000000000000e+00,3.340473881390799988e+02
5.000000000000000000e+02,4.000000000000000000e+00,1.000000000000000000e+01,6.000000000000000000e+00,2.547335352316009960e+02
5.000000000000000000e+02,4.000000000000000000e+00,1.000000000000000000e+01,7.000000000000000000e+00,1.789813247096340092e+02
5.000000000000000000e+02,4.000000000000000000e+00,1.000000000000000000e+01,8.000000000000000000e+00,1.330396411993430092e+02
5.000000000000000000e+02,4.000000000000000000e+00,1.000000000000000000e+01,9.000000000000000000e+00,9.765234373778559984e+01
5.000000000000000000e+02,4.000000000000000000e+00,1.000000000000000000e+01,1.000000000000000000e+01,8.657928279680579919e+01
5.000000000000000000e+02,4.000000000000000000e+00,1.000000000000000000e+01,1.100000000000000000e+01,6.640660573384080578e+01
5.000000000000000000e+02,4.000000000000000000e+00,1.000000000000000000e+01,1.200000000000000000e+01,5.336839994556609668e+01
5.000000000000000000e+02,4.000000000000000000e+00,1.000000000000000000e+01,1.300000000000000000e+01,4.849824698837090153e+01
5.000000000000000000e+02,4.000000000000000000e+00,1.000000000000000000e+01,1.400000000000000000e+01,4.152823653380679758e+01
5.000000000000000000e+02,4.000000000000000000e+00,1.000000000000000000e+01,1.500000000000000000e+01,3.502403357530249650e+01
5.000000000000000000e+02,4.000000000000000000e+00,1.000000000000000000e+01,1.600000000000000000e+01,2.988778691798490073e+01
5.000000000000000000e+02,4.000000000000000000e+00,1.100000000000000000e+01,4.000000000000000000e+00,5.332550986629610179e+02
5.000000000000000000e+02,4.000000000000000000e+00,1.100000000000000000e+01,5.000000000000000000e+00,3.473677572276989736e+02
5.000000000000000000e+02,4.000000000000000000e+00,1.100000000000000000e+01,6.000000000000000000e+00,2.304261861164310119e+02
5.000000000000000000e+02,4.000000000000000000e+00,1.100000000000000000e+01,7.000000000000000000e+00,1.722289456385150004e+02
5.000000000000000000e+02,4.000000000000000000e+00,1.100000000000000000e+01,8.000000000000000000e+00,1.301687121870139947e+02
5.000000000000000000e+02,4.000000000000000000e+00,1.100000000000000000e+01,9.000000000000000000e+00,9.971333310630670610e+01
5.000000000000000000e+02,4.000000000000000000e+00,1.100000000000000000e+01,1.000000000000000000e+01,8.733108595689350295e+01
5.000000000000000000e+02,4.000000000000000000e+00,1.100000000000000000e+01,1.100000000000000000e+01,7.061556062878709383e+01
5.000000000000000000e+02,4.000000000000000000e+00,1.100000000000000000e+01,1.200000000000000000e+01,5.653774350088409761e+01
5.000000000000000000e+02,4.000000000000000000e+00,1.100000000000000000e+01,1.300000000000000000e+01,4.652852804855039892e+01
5.000000000000000000e+02,4.000000000000000000e+00,1.100000000000000000e+01,1.400000000000000000e+01,4.038555334124799856e+01
5.000000000000000000e+02,4.000000000000000000e+00,1.100000000000000000e+01,1.500000000000000000e+01,3.518458486846159872e+01
5.000000000000000000e+02,4.000000000000000000e+00,1.100000000000000000e+01,1.600000000000000000e+01,3.123444124225600049e+01
5.000000000000000000e+02,4.000000000000000000e+00,1.200000000000000000e+01,4.000000000000000000e+00,5.535216031489329680e+02
5.000000000000000000e+02,4.000000000000000000e+00,1.200000000000000000e+01,5.000000000000000000e+00,3.428602022929169948e+02
5.000000000000000000e+02,4.000000000000000000e+00,1.200000000000000000e+01,6.000000000000000000e+00,2.404518993305200070e+02
5.000000000000000000e+02,4.000000000000000000e+00,1.200000000000000000e+01,7.000000000000000000e+00,1.720136263668539982e+02
5.000000000000000000e+02,4.000000000000000000e+00,1.200000000000000000e+01,8.000000000000000000e+00,1.278640842034510001e+02
5.000000000000000000e+02,4.000000000000000000e+00,1.200000000000000000e+01,9.000000000000000000e+00,1.019739712148819990e+02
5.000000000000000000e+02,4.000000000000000000e+00,1.200000000000000000e+01,1.000000000000000000e+01,7.947925369251510119e+01
5.000000000000000000e+02,4.000000000000000000e+00,1.200000000000000000e+01,1.100000000000000000e+01,6.412826251646019671e+01
5.000000000000000000e+02,4.000000000000000000e+00,1.200000000000000000e+01,1.200000000000000000e+01,5.309708851495400239e+01
5.000000000000000000e+02,4.000000000000000000e+00,1.200000000000000000e+01,1.300000000000000000e+01,4.769606245572470016e+01
5.000000000000000000e+02,4.000000000000000000e+00,1.200000000000000000e+01,1.400000000000000000e+01,4.416414792271439893e+01
5.000000000000000000e+02,4.000000000000000000e+00,1.200000000000000000e+01,1.500000000000000000e+01,3.150448602842689994e+01
5.000000000000000000e+02,4.000000000000000000e+00,1.200000000000000000e+01,1.600000000000000000e+01,3.128596756122840006e+01
5.000000000000000000e+02,6.000000000000000000e+00,8.000000000000000000e+00,4.000000000000000000e+00,3.766177939855609793e+02
5.000000000000000000e+02,6.000000000000000000e+00,8.000000000000000000e+00,5.000000000000000000e+00,2.539827073743670098e+02
5.000000000000000000e+02,6.000000000000000000e+00,8.000000000000000000e+00,6.000000000000000000e+00,1.725720932495889883e+02
5.000000000000000000e+02,6.000000000000000000e+00,8.000000000000000000e+00,7.000000000000000000e+00,1.212618506155990019e+02
5.000000000000000000e+02,6.000000000000000000e+00,8.000000000000000000e+00,8.000000000000000000e+00,9.148348288081899682e+01
5.000000000000000000e+02,6.000000000000000000e+00,8.000000000000000000e+00,9.000000000000000000e+00,7.161837663100639872e+01
5.000000000000000000e+02,6.000000000000000000e+00,8.000000000000000000e+00,1.000000000000000000e+01,5.984300868037099974e+01
5.000000000000000000e+02,6.000000000000000000e+00,8.000000000000000000e+00,1.100000000000000000e+01,4.445688507380469900e+01
5.000000000000000000e+02,6.000000000000000000e+00,8.000000000000000000e+00,1.200000000000000000e+01,4.220880004471759861e+01
5.000000000000000000e+02,6.000000000000000000e+00,8.000000000000000000e+00,1.300000000000000000e+01,3.442035539167760305e+01
5.000000000000000000e+02,6.000000000000000000e+00,8.000000000000000000e+00,1.400000000000000000e+01,2.895625315604570105e+01
5.000000000000000000e+02,6.000000000000000000e+00,8.000000000000000000e+00,1.500000000000000000e+01,2.534495026413240026e+01
5.000000000000000000e+02,6.000000000000000000e+00,8.000000000000000000e+00,1.600000000000000000e+01,2.455537472731759863e+01
5.000000000000000000e+02,6.000000000000000000e+00,9.000000000000000000e+00,4.000000000000000000e+00,3.725674362465529725e+02
5.000000000000000000e+02,6.000000000000000000e+00,9.000000000000000000e+00,5.000000000000000000e+00,2.271460724903060111e+02
5.000000000000000000e+02,6.000000000000000000e+00,9.000000000000000000e+00,6.000000000000000000e+00,1.603040074337860119e+02
5.000000000000000000e+02,6.000000000000000000e+00,9.000000000000000000e+00,7.000000000000000000e+00,1.196024340056220012e+02
5.000000000000000000e+02,6.000000000000000000e+00,9.000000000000000000e+00,8.000000000000000000e+00,8.818874866418980218e+01
5.000000000000000000e+02,6.000000000000000000e+00,9.000000000000000000e+00,9.000000000000000000e+00,7.366556236518140111e+01
5.000000000000000000e+02,6.000000000000000000e+00,9.000000000000000000e+00,1.000000000000000000e+01,5.727530120148159654e+01
5.000000000000000000e+02,6.000000000000000000e+00,9.000000000000000000e+00,1.100000000000000000e+01,4.909126212465560002e+01
5.000000000000000000e+02,6.000000000000000000e+00,9.000000000000000000e+00,1.200000000000000000e+01,3.996378481700099883e+01
5.000000000000000000e+02,6.000000000000000000e+00,9.000000000000000000e+00,1.300000000000000000e+01,3.306808964214380353e+01
5.000000000000000000e+02,6.000000000000000000e+00,9.000000000000000000e+00,1.400000000000000000e+01,2.746596186512109838e+01
5.000000000000000000e+02,6.000000000000000000e+00,9.000000000000000000e+00,1.500000000000000000e+01,2.664557115964300138e+01
5.000000000000000000e+02,6.000000000000000000e+00,9.000000000000000000e+00,1.600000000000000000e+01,2.122647270308490164e+01
5.000000000000000000e+02,6.000000000000000000e+00,1.000000000000000000e+01,4.000000000000000000e+00,3.689868331329429907e+02
5.000000000000000000e+02,6.000000000000000000e+00,1.000000000000000000e+01,5.000000000000000000e+00,2.396140624760519984e+02
5.000000000000000000e+02,6.000000000000000000e+00,1.000000000000000000e+01,6.000000000000000000e+00,1.566097405192390113e+02
5.000000000000000000e+02,6.000000000000000000e+00,1.000000000000000000e+01,7.000000000000000000e+00,1.242854460930050067e+02
5.000000000000000000e+02,6.000000000000000000e+00,1.000000000000000000e+01,8.000000000000000000e+00,9.255827668295430044e+01
5.000000000000000000e+02,6.000000000000000000e+00,1.000000000000000000e+01,9.000000000000000000e+00,7.819393477776350210e+01
5.000000000000000000e+02,6.000000000000000000e+00,1.000000000000000000e+01,1.000000000000000000e+01,5.842778500179019829e+01
5.000000000000000000e+02,6.000000000000000000e+00,1.000000000000000000e+01,1.100000000000000000e+01,4.802118697587130214e+01
5.000000000000000000e+02,6.000000000000000000e+00,1.000000000000000000e+01,1.200000000000000000e+01,4.022605700341139823e+01
5.000000000000000000e+02,6.000000000000000000e+00,1.000000000000000000e+01,1.300000000000000000e+01,3.345749387645739858e+01
5.000000000000000000e+02,6.000000000000000000e+00,1.000000000000000000e+01,1.400000000000000000e+01,2.896306811719770025e+01
5.000000000000000000e+02,6.000000000000000000e+00,1.000000000000000000e+01,1.500000000000000000e+01,2.520039732534189980e+01
5.000000000000000000e+02,6.000000000000000000e+00,1.000000000000000000e+01,1.600000000000000000e+01,2.200796783081520047e+01
5.000000000000000000e+02,6.000000000000000000e+00,1.100000000000000000e+01,4.000000000000000000e+00,3.816145873125020103e+02
5.000000000000000000e+02,6.000000000000000000e+00,1.100000000000000000e+01,5.000000000000000000e+00,2.500477678811149929e+02
5.000000000000000000e+02,6.000000000000000000e+00,1.100000000000000000e+01,6.000000000000000000e+00,1.785562731029779968e+02
5.000000000000000000e+02,6.000000000000000000e+00,1.100000000000000000e+01,7.000000000000000000e+00,1.254460118456429996e+02
5.000000000000000000e+02,6.000000000000000000e+00,1.100000000000000000e+01,8.000000000000000000e+00,9.472558701915940560e+01
5.000000000000000000e+02,6.000000000000000000e+00,1.100000000000000000e+01,9.000000000000000000e+00,7.753074104604969818e+01
5.000000000000000000e+02,6.000000000000000000e+00,1.100000000000000000e+01,1.000000000000000000e+01,5.627137649232430050e+01
5.000000000000000000e+02,6.000000000000000000e+00,1.100000000000000000e+01,1.100000000000000000e+01,4.535992439183299751e+01
5.000000000000000000e+02,6.000000000000000000e+00,1.100000000000000000e+01,1.200000000000000000e+01,3.684011247823610091e+01
5.000000000000000000e+02,6.000000000000000000e+00,1.100000000000000000e+01,1.300000000000000000e+01,3.555623659167380168e+01
5.000000000000000000e+02,6.000000000000000000e+00,1.100000000000000000e+01,1.400000000000000000e+01,2.806888352011360155e+01
5.000000000000000000e+02,6.000000000000000000e+00,1.100000000000000000e+01,1.500000000000000000e+01,2.358992817456530133e+01
5.000000000000000000e+02,6.000000000000000000e+00,1.100000000000000000e+01,1.600000000000000000e+01,2.107781806188430096e+01
5.000000000000000000e+02,6.000000000000000000e+00,1.200000000000000000e+01,4.000000000000000000e+00,3.699097191281309733e+02
5.000000000000000000e+02,6.000000000000000000e+00,1.200000000000000000e+01,5.000000000000000000e+00,2.237165807542259870e+02
5.000000000000000000e+02,6.000000000000000000e+00,1.200000000000000000e+01,6.000000000000000000e+00,1.624732669197420023e+02
5.000000000000000000e+02,6.000000000000000000e+00,1.200000000000000000e+01,7.000000000000000000e+00,1.278221734347259968e+02
5.000000000000000000e+02,6.000000000000000000e+00,1.200000000000000000e+01,8.000000000000000000e+00,9.494180807507559905e+01
5.000000000000000000e+02,6.000000000000000000e+00,1.200000000000000000e+01,9.000000000000000000e+00,7.246108787614240043e+01
5.000000000000000000e+02,6.000000000000000000e+00,1.200000000000000000e+01,1.000000000000000000e+01,5.985308413303079789e+01
5.000000000000000000e+02,6.000000000000000000e+00,1.200000000000000000e+01,1.100000000000000000e+01,4.876567166715899759e+01
5.000000000000000000e+02,6.000000000000000000e+00,1.200000000000000000e+01,1.200000000000000000e+01,4.060441571877319689e+01
5.000000000000000000e+02,6.000000000000000000e+00,1.200000000000000000e+01,1.300000000000000000e+01,3.420621899613220052e+01
5.000000000000000000e+02,6.000000000000000000e+00,1.200000000000000000e+01,1.400000000000000000e+01,2.899478816879329912e+01
5.000000000000000000e+02,6.000000000000000000e+00,1.200000000000000000e+01,1.500000000000000000e+01,2.422259799511689948e+01
5.000000000000000000e+02,6.000000000000000000e+00,1.200000000000000000e+01,1.600000000000000000e+01,2.078450009823680134e+01
5.000000000000000000e+02,6.000000000000000000e+00,1.300000000000000000e+01,4.000000000000000000e+00,3.939076304782020088e+02
5.000000000000000000e+02,6.000000000000000000e+00,1.300000000000000000e+01,5.000000000000000000e+00,2.394150423976030027e+02
5.000000000000000000e+02,6.000000000000000000e+00,1.300000000000000000e+01,6.000000000000000000e+00,1.663165192909690120e+02
5.000000000000000000e+02,6.000000000000000000e+00,1.300000000000000000e+01,7.000000000000000000e+00,1.217342513307289948e+02
5.000000000000000000e+02,6.000000000000000000e+00,1.300000000000000000e+01,8.000000000000000000e+00,9.198710248844510318e+01
5.000000000000000000e+02,6.000000000000000000e+00,1.300000000000000000e+01,9.000000000000000000e+00,7.034043587697499333e+01
5.000000000000000000e+02,6.000000000000000000e+00,1.300000000000000000e+01,1.000000000000000000e+01,6.041715327112930112e+01
5.000000000000000000e+02,6.000000000000000000e+00,1.300000000000000000e+01,1.100000000000000000e+01,4.901806036985399828e+01
5.000000000000000000e+02,6.000000000000000000e+00,1.300000000000000000e+01,1.200000000000000000e+01,4.184739361008779923e+01
5.000000000000000000e+02,6.000000000000000000e+00,1.300000000000000000e+01,1.300000000000000000e+01,3.352427863207339698e+01
5.000000000000000000e+02,6.000000000000000000e+00,1.300000000000000000e+01,1.400000000000000000e+01,2.667917888363810164e+01
5.000000000000000000e+02,6.000000000000000000e+00,1.300000000000000000e+01,1.500000000000000000e+01,2.623065534823640022e+01
5.000000000000000000e+02,6.000000000000000000e+00,1.300000000000000000e+01,1.600000000000000000e+01,2.311638247965790072e+01
5.000000000000000000e+02,6.000000000000000000e+00,1.400000000000000000e+01,4.000000000000000000e+00,3.645499047058360134e+02
5.000000000000000000e+02,6.000000000000000000e+00,1.400000000000000000e+01,5.000000000000000000e+00,2.631539892798029996e+02
5.000000000000000000e+02,6.000000000000000000e+00,1.400000000000000000e+01,6.000000000000000000e+00,1.719672324150820089e+02
5.000000000000000000e+02,6.000000000000000000e+00,1.400000000000000000e+01,7.000000000000000000e+00,1.226048177135340040e+02
5.000000000000000000e+02,6.000000000000000000e+00,1.400000000000000000e+01,8.000000000000000000e+00,8.949010311545049490e+01
5.000000000000000000e+02,6.000000000000000000e+00,1.400000000000000000e+01,9.000000000000000000e+00,7.556920639744750190e+01
5.000000000000000000e+02,6.000000000000000000e+00,1.400000000000000000e+01,1.000000000000000000e+01,5.219151560792190025e+01
5.000000000000000000e+02,6.000000000000000000e+00,1.400000000000000000e+01,1.100000000000000000e+01,4.842063527736279838e+01
5.000000000000000000e+02,6.000000000000000000e+00,1.400000000000000000e+01,1.200000000000000000e+01,4.240537342861019710e+01
5.000000000000000000e+02,6.000000000000000000e+00,1.400000000000000000e+01,1.300000000000000000e+01,3.289433783962930136e+01
5.000000000000000000e+02,6.000000000000000000e+00,1.400000000000000000e+01,1.400000000000000000e+01,2.994047059174469894e+01
5.000000000000000000e+02,6.000000000000000000e+00,1.400000000000000000e+01,1.500000000000000000e+01,2.471464111763420135e+01
5.000000000000000000e+02,6.000000000000000000e+00,1.400000000000000000e+01,1.600000000000000000e+01,2.135727279834939907e+01
5.000000000000000000e+02,6.000000000000000000e+00,1.500000000000000000e+01,4.000000000000000000e+00,3.849413216908229742e+02
5.000000000000000000e+02,6.000000000000000000e+00,1.500000000000000000e+01,5.000000000000000000e+00,2.392160511110660082e+02
5.000000000000000000e+02,6.000000000000000000e+00,1.500000000000000000e+01,6.000000000000000000e+00,1.659283756156530103e+02
5.000000000000000000e+02,6.000000000000000000e+00,1.500000000000000000e+01,7.000000000000000000e+00,1.131722048726140031e+02
5.000000000000000000e+02,6.000000000000000000e+00,1.500000000000000000e+01,8.000000000000000000e+00,9.576234648643699643e+01
5.000000000000000000e+02,6.000000000000000000e+00,1.500000000000000000e+01,9.000000000000000000e+00,6.894858666258470237e+01
5.000000000000000000e+02,6.000000000000000000e+00,1.500000000000000000e+01,1.000000000000000000e+01,5.532734233073330188e+01
5.000000000000000000e+02,6.000000000000000000e+00,1.500000000000000000e+01,1.100000000000000000e+01,4.474829293019089960e+01
5.000000000000000000e+02,6.000000000000000000e+00,1.500000000000000000e+01,1.200000000000000000e+01,3.894025185836179759e+01
5.000000000000000000e+02,6.000000000000000000e+00,1.500000000000000000e+01,1.300000000000000000e+01,3.289539316088430354e+01
5.000000000000000000e+02,6.000000000000000000e+00,1.500000000000000000e+01,1.400000000000000000e+01,2.768107847980250114e+01
5.000000000000000000e+02,6.000000000000000000e+00,1.500000000000000000e+01,1.500000000000000000e+01,2.569069715619239958e+01
5.000000000000000000e+02,6.000000000000000000e+00,1.500000000000000000e+01,1.600000000000000000e+01,2.017669098824369911e+01
5.000000000000000000e+02,8.000000000000000000e+00,8.000000000000000000e+00,4.000000000000000000e+00,2.992128755783859901e+02
5.000000000000000000e+02,8.000000000000000000e+00,8.000000000000000000e+00,5.000000000000000000e+00,1.854736730177149866e+02
5.000000000000000000e+02,8.000000000000000000e+00,8.000000000000000000e+00,6.000000000000000000e+00,1.414524574422939907e+02
5.000000000000000000e+02,8.000000000000000000e+00,8.000000000000000000e+00,7.000000000000000000e+00,1.053125024775740002e+02
5.000000000000000000e+02,8.000000000000000000e+00,8.000000000000000000e+00,8.000000000000000000e+00,7.318865588337999384e+01
5.000000000000000000e+02,8.000000000000000000e+00,8.000000000000000000e+00,9.000000000000000000e+00,5.629721743461200134e+01
5.000000000000000000e+02,8.000000000000000000e+00,8.000000000000000000e+00,1.000000000000000000e+01,4.541022168452030172e+01
5.000000000000000000e+02,8.000000000000000000e+00,8.000000000000000000e+00,1.100000000000000000e+01,4.147718196881189812e+01
5.000000000000000000e+02,8.000000000000000000e+00,8.000000000000000000e+00,1.200000000000000000e+01,3.719666260051639739e+01
5.000000000000000000e+02,8.000000000000000000e+00,8.000000000000000000e+00,1.300000000000000000e+01,2.845053610433679836e+01
5.000000000000000000e+02,8.000000000000000000e+00,8.000000000000000000e+00,1.400000000000000000e+01,2.369067199213230168e+01
5.000000000000000000e+02,8.000000000000000000e+00,8.000000000000000000e+00,1.500000000000000000e+01,2.067364909336659906e+01
5.000000000000000000e+02,8.000000000000000000e+00,8.000000000000000000e+00,1.600000000000000000e+01,1.769394989395119921e+01
5.000000000000000000e+02,8.000000000000000000e+00,9.000000000000000000e+00,4.000000000000000000e+00,3.106612629965209749e+02
5.000000000000000000e+02,8.000000000000000000e+00,9.000000000000000000e+00,5.000000000000000000e+00,2.072436694755849942e+02
5.000000000000000000e+02,8.000000000000000000e+00,9.000000000000000000e+00,6.000000000000000000e+00,1.439985663493390007e+02
5.000000000000000000e+02,8.000000000000000000e+00,9.000000000000000000e+00,7.000000000000000000e+00,9.983009998522280171e+01
5.000000000000000000e+02,8.000000000000000000e+00,9.000000000000000000e+00,8.000000000000000000e+00,7.994567384930640230e+01
5.000000000000000000e+02,8.000000000000000000e+00,9.000000000000000000e+00,9.000000000000000000e+00,6.251288570629790087e+01
5.000000000000000000e+02,8.000000000000000000e+00,9.000000000000000000e+00,1.000000000000000000e+01,5.066432932754499774e+01
5.000000000000000000e+02,8.000000000000000000e+00,9.000000000000000000e+00,1.100000000000000000e+01,4.104149645770910126e+01
5.000000000000000000e+02,8.000000000000000000e+00,9.000000000000000000e+00,1.200000000000000000e+01,3.176342893820489977e+01
5.000000000000000000e+02,8.000000000000000000e+00,9.000000000000000000e+00,1.300000000000000000e+01,2.811696387397120134e+01
5.000000000000000000e+02,8.000000000000000000e+00,9.000000000000000000e+00,1.400000000000000000e+01,2.435281737271320068e+01
5.000000000000000000e+02,8.000000000000000000e+00,9.000000000000000000e+00,1.500000000000000000e+01,2.011947166202590154e+01
5.000000000000000000e+02,8.000000000000000000e+00,9.000000000000000000e+00,1.600000000000000000e+01,1.891377728074569831e+01
5.000000000000000000e+02,8.000000000000000000e+00,1.000000000000000000e+01,4.000000000000000000e+00,3.108196845290410124e+02
5.000000000000000000e+02,8.000000000000000000e+00,1.000000000000000000e+01,5.000000000000000000e+00,1.935462963550120037e+02
5.000000000000000000e+02,8.000000000000000000e+00,1.000000000000000000e+01,6.000000000000000000e+00,1.305320381911959942e+02
5.000000000000000000e+02,8.000000000000000000e+00,1.000000000000000000e+01,7.000000000000000000e+00,1.024383467416540014e+02
5.000000000000000000e+02,8.000000000000000000e+00,1.000000000000000000e+01,8.000000000000000000e+00,7.854534910224360544e+01
5.000000000000000000e+02,8.000000000000000000e+00,1.000000000000000000e+01,9.000000000000000000e+00,6.113310821272460061e+01
5.000000000000000000e+02,8.000000000000000000e+00,1.000000000000000000e+01,1.000000000000000000e+01,4.542417539030169849e+01
5.000000000000000000e+02,8.000000000000000000e+00,1.000000000000000000e+01,1.100000000000000000e+01,4.049144420037529812e+01
5.000000000000000000e+02,8.000000000000000000e+00,1.000000000000000000e+01,1.200000000000000000e+01,3.370857499611039998e+01
5.000000000000000000e+02,8.000000000000000000e+00,1.000000000000000000e+01,1.300000000000000000e+01,2.595837291035219963e+01
5.000000000000000000e+02,8.000000000000000000e+00,1.000000000000000000e+01,1.400000000000000000e+01,2.347132015160029894e+01
5.000000000000000000e+02,8.000000000000000000e+00,1.000000000000000000e+01,1.500000000000000000e+01,1.985933433229800116e+01
5.000000000000000000e+02,8.000000000000000000e+00,1.000000000000000000e+01,1.600000000000000000e+01,1.697935777237210075e+01
5.000000000000000000e+02,8.000000000000000000e+00,1.100000000000000000e+01,4.000000000000000000e+00,3.172013873853790074e+02
5.000000000000000000e+02,8.000000000000000000e+00,1.100000000000000000e+01,5.000000000000000000e+00,2.017112937734420086e+02
5.000000000000000000e+02,8.000000000000000000e+00,1.100000000000000000e+01,6.000000000000000000e+00,1.342575590405710102e+02
5.000000000000000000e+02,8.000000000000000000e+00,1.100000000000000000e+01,7.000000000000000000e+00,1.074986309758510004e+02
5.000000000000000000e+02,8.000000000000000000e+00,1.100000000000000000e+01,8.000000000000000000e+00,7.691056843115190134e+01
5.000000000000000000e+02,8.000000000000000000e+00,1.100000000000000000e+01,9.000000000000000000e+00,6.163492556065529726e+01
5.000000000000000000e+02,8.000000000000000000e+00,1.100000000000000000e+01,1.000000000000000000e+01,4.308536179077899675e+01
5.000000000000000000e+02,8.000000000000000000e+00,1.100000000000000000e+01,1.100000000000000000e+01,4.232860503847219746e+01
5.000000000000000000e+02,8.000000000000000000e+00,1.100000000000000000e+01,1.200000000000000000e+01,3.439685909995070290e+01
5.000000000000000000e+02,8.000000000000000000e+00,1.100000000000000000e+01,1.300000000000000000e+01,2.848994585689289849e+01
5.000000000000000000e+02,8.000000000000000000e+00,1.100000000000000000e+01,1.400000000000000000e+01,2.338906467525490029e+01
5.000000000000000000e+02,8.000000000000000000e+00,1.100000000000000000e+01,1.500000000000000000e+01,1.861289673081299867e+01
5.000000000000000000e+02,8.000000000000000000e+00,1.100000000000000000e+01,1.600000000000000000e+01,1.689772364750060163e+01
5.000000000000000000e+02,8.000000000000000000e+00,1.200000000000000000e+01,4.000000000000000000e+00,3.107021449890510212e+02
5.000000000000000000e+02,8.000000000000000000e+00,1.200000000000000000e+01,5.000000000000000000e+00,1.857196709333969977e+02
5.000000000000000000e+02,8.000000000000000000e+00,1.200000000000000000e+01,6.000000000000000000e+00,1.368061436273839888e+02
5.000000000000000000e+02,8.000000000000000000e+00,1.200000000000000000e+01,7.000000000000000000e+00,1.027581242984300047e+02
5.000000000000000000e+02,8.000000000000000000e+00,1.200000000000000000e+01,8.000000000000000000e+00,8.022634604648800405e+01
5.000000000000000000e+02,8.000000000000000000e+00,1.200000000000000000e+01,9.000000000000000000e+00,5.886599526378569891e+01
5.000000000000000000e+02,8.000000000000000000e+00,1.200000000000000000e+01,1.000000000000000000e+01,4.597934202771430279e+01
5.000000000000000000e+02,8.000000000000000000e+00,1.200000000000000000e+01,1.100000000000000000e+01,3.588264516830380302e+01
5.000000000000000000e+02,8.000000000000000000e+00,1.200000000000000000e+01,1.200000000000000000e+01,3.341827589214580030e+01
5.000000000000000000e+02,8.000000000000000000e+00,1.200000000000000000e+01,1.300000000000000000e+01,3.034897640097300098e+01
5.000000000000000000e+02,8.000000000000000000e+00,1.200000000000000000e+01,1.400000000000000000e+01,2.389379636398360063e+01
5.000000000000000000e+02,8.000000000000000000e+00,1.200000000000000000e+01,1.500000000000000000e+01,1.846714796542610060e+01
5.000000000000000000e+02,8.000000000000000000e+00,1.200000000000000000e+01,1.600000000000000000e+01,1.675652440883819949e+01
5.000000000000000000e+02,8.000000000000000000e+00,1.300000000000000000e+01,4.000000000000000000e+00,3.238664850603429954e+02
5.000000000000000000e+02,8.000000000000000000e+00,1.300000000000000000e+01,5.000000000000000000e+00,2.043760647947119935e+02
5.000000000000000000e+02,8.000000000000000000e+00,1.300000000000000000e+01,6.000000000000000000e+00,1.250333276357030030e+02
5.000000000000000000e+02,8.000000000000000000e+00,1.300000000000000000e+01,7.000000000000000000e+00,9.711841375228570428e+01
5.000000000000000000e+02,8.000000000000000000e+00,1.300000000000000000e+01,8.000000000000000000e+00,7.582135614064169715e+01
5.000000000000000000e+02,8.000000000000000000e+00,1.300000000000000000e+01,9.000000000000000000e+00,6.031250722827049771e+01
5.000000000000000000e+02,8.000000000000000000e+00,1.300000000000000000e+01,1.000000000000000000e+01,5.002846521078679842e+01
5.000000000000000000e+02,8.000000000000000000e+00,1.300000000000000000e+01,1.100000000000000000e+01,3.710595999735330253e+01
5.000000000000000000e+02,8.000000000000000000e+00,1.300000000000000000e+01,1.200000000000000000e+01,3.498378586252729860e+01
5.000000000000000000e+02,8.000000000000000000e+00,1.300000000000000000e+01,1.300000000000000000e+01,2.755633403675750159e+01
5.000000000000000000e+02,8.000000000000000000e+00,1.300000000000000000e+01,1.400000000000000000e+01,2.228513858919150081e+01
5.000000000000000000e+02,8.000000000000000000e+00,1.300000000000000000e+01,1.500000000000000000e+01,2.025999590234230041e+01
5.000000000000000000e+02,8.000000000000000000e+00,1.300000000000000000e+01,1.600000000000000000e+01,2.020244862761470017e+01
5.000000000000000000e+02,8.000000000000000000e+00,1.400000000000000000e+01,4.000000000000000000e+00,3.366543536543150026e+02
5.000000000000000000e+02,8.000000000000000000e+00,1.400000000000000000e+01,5.000000000000000000e+00,1.971891963823169931e+02
5.000000000000000000e+02,8.000000000000000000e+00,1.400000000000000000e+01,6.000000000000000000e+00,1.361026182497199954e+02
5.000000000000000000e+02,8.000000000000000000e+00,1.400000000000000000e+01,7.000000000000000000e+00,1.014700468024499997e+02
5.000000000000000000e+02,8.000000000000000000e+00,1.400000000000000000e+01,8.000000000000000000e+00,7.796053935967819370e+01
5.000000000000000000e+02,8.000000000000000000e+00,1.400000000000000000e+01,9.000000000000000000e+00,5.753078352651679950e+01
5.000000000000000000e+02,8.000000000000000000e+00,1.400000000000000000e+01,1.000000000000000000e+01,5.328246423475680160e+01
5.000000000000000000e+02,8.000000000000000000e+00,1.400000000000000000e+01,1.100000000000000000e+01,3.794677589861390032e+01
5.000000000000000000e+02,8.000000000000000000e+00,1.400000000000000000e+01,1.200000000000000000e+01,3.355222017982860194e+01
5.000000000000000000e+02,8.000000000000000000e+00,1.400000000000000000e+01,1.300000000000000000e+01,2.768607077467130040e+01
5.000000000000000000e+02,8.000000000000000000e+00,1.400000000000000000e+01,1.400000000000000000e+01,2.325745077645819947e+01
5.000000000000000000e+02,8.000000000000000000e+00,1.400000000000000000e+01,1.500000000000000000e+01,2.053446819184729932e+01
5.000000000000000000e+02,8.000000000000000000e+00,1.400000000000000000e+01,1.600000000000000000e+01,1.800790414163990150e+01
5.000000000000000000e+02,8.000000000000000000e+00,1.500000000000000000e+01,4.000000000000000000e+00,3.086921797960520166e+02
5.000000000000000000e+02,8.000000000000000000e+00,1.500000000000000000e+01,5.000000000000000000e+00,1.955379839525020031e+02
5.000000000000000000e+02,8.000000000000000000e+00,1.500000000000000000e+01,6.000000000000000000e+00,1.448107815243980099e+02
5.000000000000000000e+02,8.000000000000000000e+00,1.500000000000000000e+01,7.000000000000000000e+00,9.455379121288279975e+01
5.000000000000000000e+02,8.000000000000000000e+00,1.500000000000000000e+01,8.000000000000000000e+00,7.189745849864509353e+01
5.000000000000000000e+02,8.000000000000000000e+00,1.500000000000000000e+01,9.000000000000000000e+00,5.632314551761029975e+01
5.000000000000000000e+02,8.000000000000000000e+00,1.500000000000000000e+01,1.000000000000000000e+01,4.936690691930149910e+01
5.000000000000000000e+02,8.000000000000000000e+00,1.500000000000000000e+01,1.100000000000000000e+01,3.983501809234670077e+01
5.000000000000000000e+02,8.000000000000000000e+00,1.500000000000000000e+01,1.200000000000000000e+01,3.225197472932499920e+01
5.000000000000000000e+02,8.000000000000000000e+00,1.500000000000000000e+01,1.300000000000000000e+01,2.772594528063800112e+01
5.000000000000000000e+02,8.000000000000000000e+00,1.500000000000000000e+01,1.400000000000000000e+01,2.284323667937639968e+01
5.000000000000000000e+02,8.000000000000000000e+00,1.500000000000000000e+01,1.500000000000000000e+01,2.042155574462859846e+01
5.000000000000000000e+02,8.000000000000000000e+00,1.500000000000000000e+01,1.600000000000000000e+01,1.699625607833219831e+01
